lr,step,time,train_loss,train_metric,val_loss,val_metric
0.001000,1-best,5.767746,1.434180,1.434180,0.990594,0.990594
0.001000,2-best,4.904885,0.993092,0.993092,0.925369,0.925369
0.001000,3-best,4.773237,0.877337,0.877337,0.860527,0.860527
0.001000,4-best,4.775794,0.998431,0.998431,0.795393,0.795393
0.001000,5-best,4.766256,0.860790,0.860790,0.738829,0.738829
0.001000,6-best,4.834077,0.854961,0.854961,0.698944,0.698944
0.001000,7-best,4.880455,0.781638,0.781638,0.675795,0.675795
0.001000,8-best,4.827722,0.532156,0.532156,0.671494,0.671494
0.001000,9-best,4.713398,0.661632,0.661632,0.664833,0.664833
0.001000,10-best,4.810137,0.727956,0.727956,0.656484,0.656484
0.001000,11-best,4.737333,0.635855,0.635855,0.647399,0.647399
0.001000,12-best,4.794181,0.600220,0.600220,0.634968,0.634968
0.001000,13-best,4.842052,0.635164,0.635164,0.620004,0.620004
0.001000,14-best,4.979684,0.528128,0.528128,0.604578,0.604578
0.001000,15-best,4.820111,0.521654,0.521654,0.588262,0.588262
0.001000,16-best,4.817118,0.498569,0.498569,0.577017,0.577017
0.001000,17-best,4.691458,0.655139,0.655139,0.566460,0.566460
0.001000,18-best,4.705418,0.661600,0.661600,0.558238,0.558238
0.001000,19-best,4.786202,0.491272,0.491272,0.552501,0.552501
0.001000,20-best,4.834075,0.541501,0.541501,0.544627,0.544627
0.001000,21-best,4.855020,0.524732,0.524732,0.535059,0.535059
0.001000,22-best,4.780219,0.493082,0.493082,0.527024,0.527024
0.001000,23-best,4.772240,0.445000,0.445000,0.512976,0.512976
0.001000,24-best,4.810138,0.514207,0.514207,0.503905,0.503905
0.001000,25-best,4.809142,0.434476,0.434476,0.495772,0.495772
0.001000,26-best,4.875966,0.459378,0.459378,0.493594,0.493594
0.001000,27-best,4.811135,0.431029,0.431029,0.481819,0.481819
0.001000,28-best,4.811136,0.413909,0.413909,0.468673,0.468673
0.001000,29-best,4.822107,0.427557,0.427557,0.458230,0.458230
0.001000,30-best,4.779222,0.422285,0.422285,0.451656,0.451656
0.001000,31-best,4.800165,0.447009,0.447009,0.445310,0.445310
0.001000,32-best,4.848036,0.420709,0.420709,0.438433,0.438433
0.001000,33-best,4.767253,0.422750,0.422750,0.428975,0.428975
0.001000,34-best,4.798171,0.385381,0.385381,0.418576,0.418576
0.001000,35-best,4.852026,0.432252,0.432252,0.412004,0.412004
0.001000,36-best,4.735339,0.341086,0.341086,0.404736,0.404736
0.001000,37-best,4.816122,0.331799,0.331799,0.397281,0.397281
0.001000,38-best,4.782213,0.382328,0.382328,0.388613,0.388613
0.001000,39-best,4.846042,0.354636,0.354636,0.383211,0.383211
0.001000,40-best,4.718383,0.352888,0.352888,0.378341,0.378341
0.001000,41-best,4.721376,0.279924,0.279924,0.374075,0.374075
0.001000,42-best,4.750324,0.340146,0.340146,0.366521,0.366521
0.001000,43-best,4.737332,0.313249,0.313249,0.361029,0.361029
0.001000,44-best,4.753291,0.341763,0.341763,0.352927,0.352927
0.001000,45-best,4.731377,0.319721,0.319721,0.344035,0.344035
0.001000,46-best,4.728358,0.316321,0.316321,0.339083,0.339083
0.001000,47-best,4.698437,0.269066,0.269066,0.337100,0.337100
0.001000,48-best,4.760271,0.350302,0.350302,0.334533,0.334533
0.001000,49-best,4.765285,0.367149,0.367149,0.330010,0.330010
0.001000,50-best,4.753290,0.315393,0.315393,0.329756,0.329756
0.001000,51-best,4.824100,0.320705,0.320705,0.329133,0.329133
0.001000,52-best,4.823104,0.283143,0.283143,0.327697,0.327697
0.001000,53-best,4.793183,0.309284,0.309284,0.318018,0.318018
0.001000,54-best,4.769249,0.274276,0.274276,0.309464,0.309464
0.001000,55-best,4.772240,0.261509,0.261509,0.305954,0.305954
0.001000,56-best,4.828090,0.286006,0.286006,0.305937,0.305937
0.001000,57,4.773238,0.284216,0.284216,0.308845,0.308845
0.001000,58,4.788197,0.291860,0.291860,0.306683,0.306683
0.001000,59-best,4.790191,0.300400,0.300400,0.297458,0.297458
0.001000,60-best,4.661536,0.296231,0.296231,0.293857,0.293857
0.001000,61-best,4.696465,0.274916,0.274916,0.293404,0.293404
0.001000,62-best,4.851030,0.285003,0.285003,0.288473,0.288473
0.001000,63-best,4.746309,0.235149,0.235149,0.284441,0.284441
0.001000,64-best,4.719380,0.285948,0.285948,0.282951,0.282951
0.001000,65-best,4.803156,0.253674,0.253674,0.281036,0.281036
0.001000,66-best,4.789195,0.239181,0.239181,0.280197,0.280197
0.001000,67-best,4.773236,0.277194,0.277194,0.277130,0.277130
0.001000,68-best,4.782213,0.232872,0.232872,0.274357,0.274357
0.001000,69-best,4.835072,0.302109,0.302109,0.271396,0.271396
0.001000,70-best,4.807146,0.230812,0.230812,0.268360,0.268360
0.001000,71-best,4.802160,0.241158,0.241158,0.267617,0.267617
0.001000,72-best,4.751296,0.257743,0.257743,0.265973,0.265973
0.001000,73-best,4.816122,0.242782,0.242782,0.263342,0.263342
0.001000,74,4.796176,0.259968,0.259968,0.264816,0.264816
0.001000,75,4.831083,0.275659,0.275659,0.264136,0.264136
0.001000,76,4.761269,0.248474,0.248474,0.266751,0.266751
0.001000,77-best,4.766256,0.204592,0.204592,0.259356,0.259356
0.001000,78-best,4.831083,0.227533,0.227533,0.254974,0.254974
0.001000,79,4.822106,0.273408,0.273408,0.255054,0.255054
0.001000,80-best,4.839061,0.221334,0.221334,0.252330,0.252330
0.001000,81-best,4.802160,0.271834,0.271834,0.247943,0.247943
0.001000,82-best,4.785205,0.214745,0.214745,0.247008,0.247008
0.001000,83,4.763264,0.260433,0.260433,0.249473,0.249473
0.001000,84,4.782211,0.251509,0.251509,0.249158,0.249158
0.001000,85,4.687466,0.235945,0.235945,0.248327,0.248327
0.001000,86,4.790192,0.250044,0.250044,0.252388,0.252388
0.001000,87,4.734342,0.254331,0.254331,0.247942,0.247942
0.001000,88-best,4.770245,0.241593,0.241593,0.244357,0.244357
0.001000,89-best,4.724367,0.217164,0.217164,0.241407,0.241407
0.001000,90-best,4.849032,0.249362,0.249362,0.236545,0.236545
0.001000,91,4.817120,0.222125,0.222125,0.242293,0.242293
0.001000,92,4.750298,0.257169,0.257169,0.241287,0.241287
0.001000,93-best,4.820113,0.227010,0.227010,0.235566,0.235566
0.001000,94-best,4.781216,0.239870,0.239870,0.232493,0.232493
0.001000,95,4.833077,0.230362,0.230362,0.233083,0.233083
0.001000,96,4.790192,0.223397,0.223397,0.232634,0.232634
0.001000,97-best,4.702426,0.227327,0.227327,0.232128,0.232128
0.001000,98-best,4.813130,0.192770,0.192770,0.232098,0.232098
0.001000,99,4.870976,0.237554,0.237554,0.236117,0.236117
0.001000,100,4.782212,0.218438,0.218438,0.237533,0.237533
0.001000,101,4.808144,0.218848,0.218848,0.239175,0.239175
0.001000,102,4.766255,0.212623,0.212623,0.233703,0.233703
0.001000,103-best,4.775232,0.190311,0.190311,0.230109,0.230109
0.001000,104-best,4.844048,0.236249,0.236249,0.226867,0.226867
0.001000,105,4.736336,0.197782,0.197782,0.228760,0.228760
0.001000,106-best,4.772240,0.216448,0.216448,0.225232,0.225232
0.001000,107-best,4.727359,0.219872,0.219872,0.220293,0.220293
0.001000,108,4.794182,0.220256,0.220256,0.224834,0.224834
0.001000,109,4.830086,0.198894,0.198894,0.221121,0.221121
0.001000,110-best,4.817120,0.230504,0.230504,0.216427,0.216427
0.001000,111,4.757280,0.217519,0.217519,0.222738,0.222738
0.001000,112,4.804154,0.225512,0.225512,0.229521,0.229521
0.001000,113,4.714394,0.180398,0.180398,0.235549,0.235549
0.001000,114,4.822107,0.207236,0.207236,0.223788,0.223788
0.001000,115,4.840058,0.255454,0.255454,0.222376,0.222376
0.001000,116,4.761270,0.181310,0.181310,0.229174,0.229174
0.001000,117,4.827094,0.202853,0.202853,0.223161,0.223161
0.001000,118-best,4.728356,0.199926,0.199926,0.213915,0.213915
0.001000,119,4.819115,0.235647,0.235647,0.215298,0.215298
0.001000,120,4.776228,0.208625,0.208625,0.243285,0.243285
0.001000,121,4.747307,0.232824,0.232824,0.239845,0.239845
0.001000,122,4.808145,0.180572,0.180572,0.229412,0.229412
0.001000,123,4.764260,0.234933,0.234933,0.217420,0.217420
0.001000,124,4.857012,0.221415,0.221415,0.214249,0.214249
0.001000,125-best,4.743317,0.223948,0.223948,0.209038,0.209038
0.001000,126,4.782214,0.179793,0.179793,0.209274,0.209274
0.001000,127,4.842052,0.206483,0.206483,0.213478,0.213478
0.001000,128,4.756282,0.184696,0.184696,0.215044,0.215044
0.001000,129-best,4.756282,0.220166,0.220166,0.207737,0.207737
0.001000,130-best,4.807146,0.200044,0.200044,0.207547,0.207547
0.001000,131,4.844048,0.227269,0.227269,0.208391,0.208391
0.001000,132,4.773237,0.205241,0.205241,0.209630,0.209630
0.001000,133,4.821110,0.215975,0.215975,0.210361,0.210361
0.001000,134,4.770275,0.175028,0.175028,0.214262,0.214262
0.001000,135,4.749301,0.176892,0.176892,0.218173,0.218173
0.001000,136,4.812132,0.222095,0.222095,0.209989,0.209989
0.001000,137-best,4.749300,0.194505,0.194505,0.204328,0.204328
0.001000,138-best,4.753291,0.151049,0.151049,0.204102,0.204102
0.001000,139,4.786204,0.173081,0.173081,0.205710,0.205710
0.001000,140,4.755285,0.184265,0.184265,0.205769,0.205769
0.001000,141,4.771242,0.216126,0.216126,0.204566,0.204566
0.001000,142-best,4.771243,0.176186,0.176186,0.203832,0.203832
0.001000,143-best,4.843079,0.184206,0.184206,0.203507,0.203507
0.001000,144-best,4.859008,0.158275,0.158275,0.203245,0.203245
0.001000,145-best,4.774233,0.221235,0.221235,0.199549,0.199549
0.001000,146,4.716389,0.187187,0.187187,0.199781,0.199781
0.001000,147,4.747307,0.208028,0.208028,0.203123,0.203123
0.001000,148,4.753289,0.202995,0.202995,0.203994,0.203994
0.001000,149,4.873968,0.184798,0.184798,0.204178,0.204178
0.001000,150,4.819114,0.184105,0.184105,0.201778,0.201778
0.001000,151-best,4.645578,0.177181,0.177181,0.198570,0.198570
0.001000,152-best,4.767252,0.167141,0.167141,0.196263,0.196263
0.001000,153-best,4.700432,0.216817,0.216817,0.195146,0.195146
0.001000,154,4.746310,0.217388,0.217388,0.195946,0.195946
0.001000,155-best,4.739328,0.191734,0.191734,0.194741,0.194741
0.001000,156-best,4.857012,0.177371,0.177371,0.193962,0.193962
0.001000,157,4.786232,0.171242,0.171242,0.194138,0.194138
0.001000,158,4.789195,0.167348,0.167348,0.194897,0.194897
0.001000,159-best,4.755285,0.193122,0.193122,0.193508,0.193508
0.001000,160,4.759274,0.210523,0.210523,0.194373,0.194373
0.001000,161,4.964725,0.213838,0.213838,0.194374,0.194374
0.001000,162-best,4.799172,0.203145,0.203145,0.191449,0.191449
0.001000,163,4.765763,0.187937,0.187937,0.193654,0.193654
0.001000,164,4.814128,0.172114,0.172114,0.199352,0.199352
0.001000,165,4.744316,0.193535,0.193535,0.204338,0.204338
0.001000,166,4.815126,0.168540,0.168540,0.203043,0.203043
0.001000,167,4.874966,0.187055,0.187055,0.195182,0.195182
0.001000,168-best,4.766256,0.214038,0.214038,0.189693,0.189693
0.001000,169-best,4.869980,0.191330,0.191330,0.189265,0.189265
0.001000,170,4.828445,0.178144,0.178144,0.191362,0.191362
0.001000,171,4.822106,0.171072,0.171072,0.190924,0.190924
0.001000,172,4.811138,0.184082,0.184082,0.189569,0.189569
0.001000,173,4.800164,0.169099,0.169099,0.189631,0.189631
0.001000,174,4.810139,0.162466,0.162466,0.191460,0.191460
0.001000,175,4.804154,0.196468,0.196468,0.191943,0.191943
0.001000,176,4.785204,0.185672,0.185672,0.192293,0.192293
0.001000,177,4.891920,0.164725,0.164725,0.194781,0.194781
0.001000,178,4.749301,0.175480,0.175480,0.193573,0.193573
0.001000,179,4.845553,0.182191,0.182191,0.189533,0.189533
0.001000,180,4.804153,0.176425,0.176425,0.193745,0.193745
0.001000,181,4.760272,0.207681,0.207681,0.196945,0.196945
0.001000,182,4.807238,0.207707,0.207707,0.196304,0.196304
0.001000,183,4.791189,0.152563,0.152563,0.190515,0.190515
0.001000,184-best,4.806149,0.167479,0.167479,0.185229,0.185229
0.001000,185-best,4.851041,0.161256,0.161256,0.184772,0.184772
0.001000,186,4.757283,0.147932,0.147932,0.186218,0.186218
0.001000,187,4.798170,0.191509,0.191509,0.185393,0.185393
0.001000,188,4.824101,0.189556,0.189556,0.185076,0.185076
0.001000,189-best,4.817625,0.167992,0.167992,0.184025,0.184025
0.001000,190-best,4.871973,0.157227,0.157227,0.183239,0.183239
0.001000,191,4.781215,0.173555,0.173555,0.185388,0.185388
0.001000,192,4.819278,0.160290,0.160290,0.187623,0.187623
0.001000,193,4.840058,0.195187,0.195187,0.185872,0.185872
0.001000,194,4.814195,0.210139,0.210139,0.183690,0.183690
0.001000,195-best,4.854312,0.206170,0.206170,0.183129,0.183129
0.001000,196,4.760271,0.216393,0.216393,0.183185,0.183185
0.001000,197-best,4.854526,0.182438,0.182438,0.183041,0.183041
0.001000,198,4.837072,0.187159,0.187159,0.183442,0.183442
0.001000,199,4.866985,0.171832,0.171832,0.186134,0.186134
0.001000,200,4.856017,0.213330,0.213330,0.185065,0.185065
0.001000,201-best,4.774235,0.196453,0.196453,0.181119,0.181119
0.001000,202-best,4.851030,0.183270,0.183270,0.180128,0.180128
0.001000,203-best,4.784208,0.161642,0.161642,0.179635,0.179635
0.001000,204,4.772811,0.153789,0.153789,0.180196,0.180196
0.001000,205,4.791193,0.177629,0.177629,0.187880,0.187880
0.001000,206,4.777254,0.142149,0.142149,0.192410,0.192410
0.001000,207,4.821616,0.177174,0.177174,0.194109,0.194109
0.001000,208,4.855019,0.136087,0.136087,0.192397,0.192397
0.001000,209,4.831084,0.158288,0.158288,0.186511,0.186511
0.001000,210-best,4.812085,0.188492,0.188492,0.178557,0.178557
0.001000,211-best,4.893914,0.177960,0.177960,0.177403,0.177403
0.001000,212,4.828089,0.184392,0.184392,0.181364,0.181364
0.001000,213,4.842060,0.161239,0.161239,0.185923,0.185923
0.001000,214,4.784712,0.203499,0.203499,0.185419,0.185419
0.001000,215,4.767253,0.176250,0.176250,0.183202,0.183202
0.001000,216,4.770755,0.179234,0.179234,0.180214,0.180214
0.001000,217,4.814128,0.182487,0.182487,0.179157,0.179157
0.001000,218,4.783211,0.190093,0.190093,0.179175,0.179175
0.001000,219,4.800165,0.168261,0.168261,0.179094,0.179094
0.001000,220,4.785206,0.158456,0.158456,0.178068,0.178068
0.001000,221,4.841056,0.146438,0.146438,0.178865,0.178865
0.001000,222,4.873820,0.161413,0.161413,0.180152,0.180152
0.001000,223,4.797174,0.158030,0.158030,0.182296,0.182296
0.001000,224,4.746307,0.167029,0.167029,0.182636,0.182636
0.001000,225,4.794181,0.183342,0.183342,0.181828,0.181828
0.001000,226,4.733344,0.167335,0.167335,0.181728,0.181728
0.001000,227-best,4.739327,0.207389,0.207389,0.176923,0.176923
0.001000,228,4.748305,0.193124,0.193124,0.178783,0.178783
0.001000,229,4.747330,0.188736,0.188736,0.183559,0.183559
0.001000,230,4.735339,0.195920,0.195920,0.181561,0.181561
0.001000,231,4.699435,0.189101,0.189101,0.179097,0.179097
0.001000,232-best,4.748303,0.173925,0.173925,0.176409,0.176409
0.001000,233-best,4.835071,0.158065,0.158065,0.175820,0.175820
0.001000,234-best,4.728356,0.154548,0.154548,0.175176,0.175176
0.001000,235-best,4.808144,0.154689,0.154689,0.173881,0.173881
0.001000,236,4.765258,0.185158,0.185158,0.174799,0.174799
0.001000,237,4.782212,0.155167,0.155167,0.175782,0.175782
0.001000,238,4.746308,0.172246,0.172246,0.174942,0.174942
0.001000,239,4.744314,0.160511,0.160511,0.174304,0.174304
0.001000,240,4.785206,0.152230,0.152230,0.176945,0.176945
0.001000,241,4.716389,0.168053,0.168053,0.178006,0.178006
0.001000,242,4.775231,0.200041,0.200041,0.175575,0.175575
0.001000,243,4.680485,0.178918,0.178918,0.175371,0.175371
0.001000,244,4.775232,0.155552,0.155552,0.175991,0.175991
0.001000,245,4.716388,0.173771,0.173771,0.175608,0.175608
0.001000,246-best,4.790191,0.162848,0.162848,0.171970,0.171970
0.001000,247-best,4.807146,0.176011,0.176011,0.170680,0.170680
0.001000,248,4.664528,0.152736,0.152736,0.174762,0.174762
0.001000,249,4.775232,0.192311,0.192311,0.172726,0.172726
0.001000,250,4.764261,0.157952,0.157952,0.171142,0.171142
0.001000,251,4.742320,0.144668,0.144668,0.171717,0.171717
0.001000,252,4.763263,0.168395,0.168395,0.172551,0.172551
0.001000,253,4.751296,0.160000,0.160000,0.172758,0.172758
0.001000,254,4.913862,0.161048,0.161048,0.172426,0.172426
0.001000,255,4.755286,0.161557,0.161557,0.173794,0.173794
0.001000,256,4.843050,0.172133,0.172133,0.176195,0.176195
0.001000,257,4.791189,0.154949,0.154949,0.174165,0.174165
0.001000,258,4.770245,0.166044,0.166044,0.171694,0.171694
0.001000,259,4.819115,0.153499,0.153499,0.172404,0.172404
0.001000,260,4.773237,0.157581,0.157581,0.171374,0.171374
0.001000,261-best,4.773237,0.135346,0.135346,0.169816,0.169816
0.001000,262-best,4.734342,0.141818,0.141818,0.169350,0.169350
0.001000,263,4.781243,0.153483,0.153483,0.169856,0.169856
0.001000,264,4.780219,0.149745,0.149745,0.169749,0.169749
0.001000,265,4.816122,0.149161,0.149161,0.170685,0.170685
0.001000,266,4.720379,0.156900,0.156900,0.169531,0.169531
0.001000,267-best,4.830085,0.166363,0.166363,0.169257,0.169257
0.001000,268,4.763264,0.145869,0.145869,0.170203,0.170203
0.001000,269,4.746308,0.121587,0.121587,0.169912,0.169912
0.001000,270-best,4.743317,0.154251,0.154251,0.168635,0.168635
0.001000,271-best,4.762266,0.154012,0.154012,0.167775,0.167775
0.001000,272,4.819115,0.137299,0.137299,0.168094,0.168094
0.001000,273,4.786202,0.141542,0.141542,0.168965,0.168965
0.001000,274,4.733344,0.160129,0.160129,0.168588,0.168588
0.001000,275,4.777228,0.149478,0.149478,0.168842,0.168842
0.001000,276,4.746309,0.187022,0.187022,0.168965,0.168965
0.001000,277,4.744314,0.170316,0.170316,0.170107,0.170107
0.001000,278,4.756282,0.171898,0.171898,0.169017,0.169017
0.001000,279,4.734341,0.151812,0.151812,0.168741,0.168741
0.001000,280,4.721375,0.163310,0.163310,0.168828,0.168828
0.001000,281,4.739327,0.190124,0.190124,0.169088,0.169088
0.001000,282,4.766256,0.188059,0.188059,0.168402,0.168402
0.001000,283,4.767253,0.145285,0.145285,0.168927,0.168927
0.001000,284,4.771242,0.148115,0.148115,0.169041,0.169041
0.001000,285-best,4.749301,0.148698,0.148698,0.166586,0.166586
0.001000,286-best,4.858010,0.179229,0.179229,0.166318,0.166318
0.001000,287,4.819115,0.170320,0.170320,0.167960,0.167960
0.001000,288,4.772240,0.146653,0.146653,0.168786,0.168786
0.001000,289,4.710405,0.198558,0.198558,0.167711,0.167711
0.001000,290-best,4.638597,0.160524,0.160524,0.165174,0.165174
0.001000,291,4.774233,0.164106,0.164106,0.165180,0.165180
0.001000,292,4.798170,0.145030,0.145030,0.167767,0.167767
0.001000,293,4.757280,0.174952,0.174952,0.167103,0.167103
0.001000,294,4.780218,0.129186,0.129186,0.167898,0.167898
0.001000,295,4.835072,0.135059,0.135059,0.167713,0.167713
0.001000,296,4.728357,0.187531,0.187531,0.166862,0.166862
0.001000,297,4.734341,0.150337,0.150337,0.166352,0.166352
0.001000,298,4.741323,0.166499,0.166499,0.165751,0.165751
0.001000,299-best,4.853022,0.165946,0.165946,0.164273,0.164273
0.001000,300,4.724368,0.160931,0.160931,0.165698,0.165698
0.001000,301,4.829087,0.173315,0.173315,0.167390,0.167390
0.001000,302,4.823104,0.171555,0.171555,0.166848,0.166848
0.001000,303,4.734342,0.133739,0.133739,0.165336,0.165336
0.001000,304,4.757280,0.145734,0.145734,0.167972,0.167972
0.001000,305,4.850031,0.153734,0.153734,0.169244,0.169244
0.001000,306,4.754288,0.143081,0.143081,0.167847,0.167847
0.001000,307,4.680485,0.183528,0.183528,0.165939,0.165939
0.001000,308,4.722373,0.137093,0.137093,0.164339,0.164339
0.001000,309-best,4.700431,0.135087,0.135087,0.163919,0.163919
0.001000,310-best,4.765259,0.164882,0.164882,0.163429,0.163429
0.001000,311,4.849033,0.135976,0.135976,0.163555,0.163555
0.001000,312,4.786201,0.147454,0.147454,0.163895,0.163895
0.001000,313,4.713397,0.167048,0.167048,0.164118,0.164118
0.001000,314,4.814128,0.177666,0.177666,0.163857,0.163857
0.001000,315,4.710405,0.180941,0.180941,0.163543,0.163543
0.001000,316-best,4.804154,0.150770,0.150770,0.163364,0.163364
0.001000,317-best,4.751296,0.154263,0.154263,0.163345,0.163345
0.001000,318-best,4.734341,0.167814,0.167814,0.163074,0.163074
0.001000,319,4.757280,0.135808,0.135808,0.163171,0.163171
0.001000,320-best,4.773237,0.134666,0.134666,0.162879,0.162879
0.001000,321-best,4.760272,0.144095,0.144095,0.162553,0.162553
0.001000,322-best,4.812133,0.156388,0.156388,0.162552,0.162552
0.001000,323,4.739328,0.134421,0.134421,0.162738,0.162738
0.001000,324,4.731349,0.186165,0.186165,0.163047,0.163047
0.001000,325,4.797173,0.161350,0.161350,0.162749,0.162749
0.001000,326,4.721375,0.155185,0.155185,0.163017,0.163017
0.001000,327,4.756283,0.143731,0.143731,0.164625,0.164625
0.001000,328,4.759274,0.150655,0.150655,0.165515,0.165515
0.001000,329,4.769277,0.187333,0.187333,0.163388,0.163388
0.001000,330,4.735338,0.184901,0.184901,0.162662,0.162662
0.001000,331,4.845044,0.156936,0.156936,0.162617,0.162617
0.001000,332,4.660539,0.141771,0.141771,0.163301,0.163301
0.001000,333-best,4.749300,0.151165,0.151165,0.162517,0.162517
0.001000,334-best,4.703424,0.157023,0.157023,0.162504,0.162504
0.001000,335-best,4.720408,0.165843,0.165843,0.162418,0.162418
0.001000,336,4.759275,0.130610,0.130610,0.164470,0.164470
0.001000,337,4.832079,0.142948,0.142948,0.168100,0.168100
0.001000,338,4.826097,0.175218,0.175218,0.165250,0.165250
0.001000,339,4.722401,0.157947,0.157947,0.164573,0.164573
0.001000,340,4.787200,0.151048,0.151048,0.163998,0.163998
0.001000,341,4.787200,0.152115,0.152115,0.163290,0.163290
0.001000,342-best,4.760271,0.138251,0.138251,0.161388,0.161388
0.001000,343-best,4.784237,0.146849,0.146849,0.160491,0.160491
0.001000,344-best,4.699434,0.171017,0.171017,0.160408,0.160408
0.001000,345-best,4.806149,0.159524,0.159524,0.160232,0.160232
0.001000,346,4.784231,0.133952,0.133952,0.160739,0.160739
0.001000,347,4.836069,0.155839,0.155839,0.160584,0.160584
0.001000,348,4.822107,0.156973,0.156973,0.161139,0.161139
0.001000,349,4.819114,0.152366,0.152366,0.161650,0.161650
0.001000,350,4.732347,0.191474,0.191474,0.160529,0.160529
0.001000,351,4.794181,0.139377,0.139377,0.160673,0.160673
0.001000,352,4.726362,0.173713,0.173713,0.162409,0.162409
0.001000,353,4.727360,0.116305,0.116305,0.165729,0.165729
0.001000,354,4.769248,0.171259,0.171259,0.167729,0.167729
0.001000,355,4.839062,0.179076,0.179076,0.164177,0.164177
0.001000,356,4.796203,0.163184,0.163184,0.163007,0.163007
0.001000,357,4.691455,0.181151,0.181151,0.161500,0.161500
0.001000,358,4.748305,0.169667,0.169667,0.163765,0.163765
0.001000,359,4.700431,0.131190,0.131190,0.163452,0.163452
0.001000,360,4.790191,0.174392,0.174392,0.162929,0.162929
0.001000,361,4.760271,0.141638,0.141638,0.160963,0.160963
0.001000,362,4.860006,0.134973,0.134973,0.160815,0.160815
0.001000,363,4.826095,0.159465,0.159465,0.160319,0.160319
0.001000,364,4.777226,0.115930,0.115930,0.160391,0.160391
0.001000,365-best,4.717387,0.137448,0.137448,0.158893,0.158893
0.001000,366-best,4.783210,0.152547,0.152547,0.158696,0.158696
0.001000,367,4.731349,0.152607,0.152607,0.160069,0.160069
0.001000,368,4.704422,0.154173,0.154173,0.160339,0.160339
0.001000,369,4.773237,0.164576,0.164576,0.159482,0.159482
0.001000,370-best,4.688463,0.140948,0.140948,0.158386,0.158386
0.001000,371,4.790192,0.156200,0.156200,0.161929,0.161929
0.001000,372,4.760272,0.136422,0.136422,0.164632,0.164632
0.001000,373,4.800165,0.151913,0.151913,0.163270,0.163270
0.001000,374,4.767255,0.146902,0.146902,0.163129,0.163129
0.001000,375,4.718383,0.162779,0.162779,0.160902,0.160902
0.001000,376,4.744314,0.130180,0.130180,0.160420,0.160420
0.001000,377,4.897904,0.146431,0.146431,0.159749,0.159749
0.001000,378,4.759274,0.188572,0.188572,0.161432,0.161432
0.001000,379,4.732346,0.126109,0.126109,0.161223,0.161223
0.001000,380,4.724369,0.147655,0.147655,0.161090,0.161090
0.001000,381,4.789195,0.160502,0.160502,0.160837,0.160837
0.001000,382,4.803179,0.168414,0.168414,0.160082,0.160082
0.001000,383,4.747283,0.153016,0.153016,0.159490,0.159490
0.001000,384-best,4.784208,0.151305,0.151305,0.157958,0.157958
0.001000,385,4.790191,0.169701,0.169701,0.158143,0.158143
0.001000,386-best,4.770246,0.152755,0.152755,0.157429,0.157429
0.001000,387-best,4.746310,0.129482,0.129482,0.157186,0.157186
0.001000,388,4.766257,0.168219,0.168219,0.158906,0.158906
0.001000,389,4.859035,0.148186,0.148186,0.160399,0.160399
0.001000,390,4.855018,0.130705,0.130705,0.160615,0.160615
0.001000,391,4.780220,0.158610,0.158610,0.159945,0.159945
0.001000,392,4.683477,0.147572,0.147572,0.159093,0.159093
0.001000,393,4.771243,0.146048,0.146048,0.158751,0.158751
0.001000,394,4.743317,0.186493,0.186493,0.158733,0.158733
0.001000,395,4.784207,0.160402,0.160402,0.158618,0.158618
0.001000,396,4.742320,0.165162,0.165162,0.158170,0.158170
0.001000,397,4.762266,0.126909,0.126909,0.157945,0.157945
0.001000,398,4.722395,0.151222,0.151222,0.157853,0.157853
0.001000,399,4.783211,0.144303,0.144303,0.157827,0.157827
0.001000,400,4.740325,0.152668,0.152668,0.157480,0.157480
0.001000,401,4.743317,0.130672,0.130672,0.157596,0.157596
0.001000,402,4.718384,0.132763,0.132763,0.157741,0.157741
0.001000,403,4.782213,0.163836,0.163836,0.157506,0.157506
0.001000,404,4.823103,0.131268,0.131268,0.158239,0.158239
0.001000,405,4.794180,0.153989,0.153989,0.158910,0.158910
0.001000,406,4.751296,0.166609,0.166609,0.158438,0.158438
0.001000,407-best,4.749302,0.139832,0.139832,0.157162,0.157162
0.001000,408-best,4.830086,0.163546,0.163546,0.157126,0.157126
0.001000,409,4.753292,0.153018,0.153018,0.158214,0.158214
0.001000,410,4.816123,0.141254,0.141254,0.158233,0.158233
0.001000,411-best,4.775254,0.152362,0.152362,0.157084,0.157084
0.001000,412-best,4.787199,0.173511,0.173511,0.157018,0.157018
0.001000,413,4.805152,0.151008,0.151008,0.157736,0.157736
0.001000,414,4.800164,0.157023,0.157023,0.158498,0.158498
0.001000,415,4.736336,0.169877,0.169877,0.157513,0.157513
0.001000,416-best,4.919845,0.157141,0.157141,0.156304,0.156304
0.001000,417-best,4.779222,0.197480,0.197480,0.155686,0.155686
0.001000,418,4.767253,0.138738,0.138738,0.156091,0.156091
0.001000,419,4.807146,0.129751,0.129751,0.156074,0.156074
0.001000,420,4.757280,0.137512,0.137512,0.156242,0.156242
0.001000,421,4.803158,0.131775,0.131775,0.156631,0.156631
0.001000,422,4.764261,0.165601,0.165601,0.157126,0.157126
0.001000,423,4.831082,0.160471,0.160471,0.157040,0.157040
0.001000,424,4.766256,0.142173,0.142173,0.156898,0.156898
0.001000,425,4.694448,0.139640,0.139640,0.156474,0.156474
0.001000,426,4.783211,0.130960,0.130960,0.156308,0.156308
0.001000,427-best,4.782212,0.172769,0.172769,0.155393,0.155393
0.001000,428-best,4.765260,0.168770,0.168770,0.155172,0.155172
0.001000,429,4.802160,0.120418,0.120418,0.155499,0.155499
0.001000,430,4.803156,0.150604,0.150604,0.155601,0.155601
0.001000,431,4.730351,0.197045,0.197045,0.155482,0.155482
0.001000,432,4.785205,0.167275,0.167275,0.156568,0.156568
0.001000,433,4.723369,0.147538,0.147538,0.155927,0.155927
0.001000,434,4.727361,0.129058,0.129058,0.155529,0.155529
0.001000,435,4.682479,0.151829,0.151829,0.159465,0.159465
0.001000,436,4.842053,0.144084,0.144084,0.168972,0.168972
0.001000,437,4.825099,0.151982,0.151982,0.162919,0.162919
0.001000,438,4.875962,0.136012,0.136012,0.160928,0.160928
0.001000,439,4.708410,0.159582,0.159582,0.158750,0.158750
0.001000,440,4.767254,0.167039,0.167039,0.159097,0.159097
0.001000,441,4.828115,0.120571,0.120571,0.160231,0.160231
0.001000,442,4.772239,0.184650,0.184650,0.159061,0.159061
0.001000,443,4.785204,0.160777,0.160777,0.158376,0.158376
0.001000,444,4.765259,0.132830,0.132830,0.158195,0.158195
0.001000,445,4.754287,0.159442,0.159442,0.157192,0.157192
0.001000,446,4.765259,0.165427,0.165427,0.155804,0.155804
0.001000,447,4.793183,0.165292,0.165292,0.156090,0.156090
0.001000,448,4.868980,0.129238,0.129238,0.156725,0.156725
0.001000,449,4.837066,0.136623,0.136623,0.155532,0.155532
0.001000,450,4.848038,0.147152,0.147152,0.156311,0.156311
0.001000,451,4.846041,0.127206,0.127206,0.155848,0.155848
0.001000,452,4.795178,0.159749,0.159749,0.156393,0.156393
0.001000,453,4.891920,0.123914,0.123914,0.155941,0.155941
0.001000,454,4.838064,0.131224,0.131224,0.156020,0.156020
0.001000,455,4.930816,0.164375,0.164375,0.156208,0.156208
0.001000,456,4.863995,0.121391,0.121391,0.156709,0.156709
0.001000,457,4.847040,0.151509,0.151509,0.156175,0.156175
0.001000,458,4.831082,0.125619,0.125619,0.155388,0.155388
0.001000,459-best,4.829090,0.124143,0.124143,0.155061,0.155061
0.001000,460-best,4.966719,0.160169,0.160169,0.154073,0.154073
0.001000,461-best,4.904886,0.163446,0.163446,0.153761,0.153761
0.001000,462,4.800165,0.130665,0.130665,0.154299,0.154299
0.001000,463,4.776229,0.124246,0.124246,0.154648,0.154648
0.001000,464,4.760272,0.163757,0.163757,0.153887,0.153887
0.001000,465-best,4.809141,0.156431,0.156431,0.153590,0.153590
0.001000,466-best,4.720379,0.141577,0.141577,0.153282,0.153282
0.001000,467-best,4.806149,0.166889,0.166889,0.153020,0.153020
0.001000,468-best,4.872971,0.172735,0.172735,0.152880,0.152880
0.001000,469-best,4.772239,0.146852,0.146852,0.152747,0.152747
0.001000,470,4.792187,0.146144,0.146144,0.153959,0.153959
0.001000,471,4.744315,0.159181,0.159181,0.154862,0.154862
0.001000,472,4.831083,0.112583,0.112583,0.154105,0.154105
0.001000,473,4.692452,0.155371,0.155371,0.153885,0.153885
0.001000,474,4.783210,0.162631,0.162631,0.153531,0.153531
0.001000,475,4.810139,0.117859,0.117859,0.153242,0.153242
0.001000,476,4.741322,0.140837,0.140837,0.153395,0.153395
0.001000,477,4.712400,0.174657,0.174657,0.156472,0.156472
0.001000,478,4.789195,0.159075,0.159075,0.160043,0.160043
0.001000,479,4.823127,0.174382,0.174382,0.161005,0.161005
0.001000,480,4.754288,0.147921,0.147921,0.156360,0.156360
0.001000,481,4.815125,0.138060,0.138060,0.154139,0.154139
0.001000,482,4.805152,0.132379,0.132379,0.155528,0.155528
0.001000,483,4.798171,0.169427,0.169427,0.155472,0.155472
0.001000,484,4.781216,0.160310,0.160310,0.154109,0.154109
0.001000,485,4.735338,0.175840,0.175840,0.153778,0.153778
0.001000,486,4.813129,0.130533,0.130533,0.154561,0.154561
0.001000,487,4.789195,0.158841,0.158841,0.154194,0.154194
0.001000,488,4.740325,0.149455,0.149455,0.153786,0.153786
0.001000,489,4.729355,0.144906,0.144906,0.153354,0.153354
0.001000,490,4.808144,0.146367,0.146367,0.153776,0.153776
0.001000,491,4.709436,0.150627,0.150627,0.152843,0.152843
0.001000,492-best,4.699435,0.156798,0.156798,0.152370,0.152370
0.001000,493,4.772240,0.148330,0.148330,0.153151,0.153151
0.001000,494,4.800165,0.156605,0.156605,0.153456,0.153456
0.001000,495,4.844049,0.164381,0.164381,0.153259,0.153259
0.001000,496,4.886909,0.161576,0.161576,0.153864,0.153864
0.001000,497,4.803157,0.146461,0.146461,0.153748,0.153748
0.001000,498,4.799168,0.148488,0.148488,0.153245,0.153245
0.001000,499,4.733345,0.156465,0.156465,0.154229,0.154229
0.001000,500,4.850031,0.146968,0.146968,0.152597,0.152597
0.001000,501-best,4.759275,0.128755,0.128755,0.151450,0.151450
0.001000,502,4.781215,0.139317,0.139317,0.152111,0.152111
0.001000,503,4.790192,0.137685,0.137685,0.152732,0.152732
0.001000,504,4.798170,0.158602,0.158602,0.152644,0.152644
0.001000,505,4.755285,0.120437,0.120437,0.155180,0.155180
0.001000,506,4.803157,0.168303,0.168303,0.153382,0.153382
0.001000,507,4.896907,0.130900,0.130900,0.155357,0.155357
0.001000,508,4.740325,0.152537,0.152537,0.153911,0.153911
0.001000,509,4.792186,0.135296,0.135296,0.153397,0.153397
0.001000,510,4.748304,0.153548,0.153548,0.152810,0.152810
0.001000,511,4.777226,0.139707,0.139707,0.152724,0.152724
0.001000,512,4.783210,0.125601,0.125601,0.152579,0.152579
0.001000,513,4.827094,0.147849,0.147849,0.152598,0.152598
0.001000,514,4.775232,0.135917,0.135917,0.152799,0.152799
0.001000,515,4.709407,0.157761,0.157761,0.152675,0.152675
0.001000,516,4.726362,0.167220,0.167220,0.152364,0.152364
0.001000,517,4.633610,0.147506,0.147506,0.152865,0.152865
0.001000,518,4.758276,0.160069,0.160069,0.152724,0.152724
0.001000,519-best,4.860005,0.174711,0.174711,0.151053,0.151053
0.001000,520-best,4.887902,0.134773,0.134773,0.150595,0.150595
0.001000,521-best,4.790169,0.149177,0.149177,0.150449,0.150449
0.001000,522,4.787199,0.161540,0.161540,0.150594,0.150594
0.001000,523-best,4.896907,0.148580,0.148580,0.149799,0.149799
0.001000,524,4.808145,0.163035,0.163035,0.150856,0.150856
0.001000,525,4.768250,0.154197,0.154197,0.152583,0.152583
0.001000,526,4.788197,0.127752,0.127752,0.153664,0.153664
0.001000,527,4.787200,0.148603,0.148603,0.151381,0.151381
0.001000,528,4.744343,0.176091,0.176091,0.150392,0.150392
0.001000,529,4.783238,0.145912,0.145912,0.151479,0.151479
0.001000,530,4.756282,0.174757,0.174757,0.154332,0.154332
0.001000,531,4.723371,0.150972,0.150972,0.152952,0.152952
0.001000,532,4.773236,0.150117,0.150117,0.151810,0.151810
0.001000,533,4.790191,0.137210,0.137210,0.151851,0.151851
0.001000,534,4.812134,0.129572,0.129572,0.152257,0.152257
0.001000,535,4.750299,0.138466,0.138466,0.155650,0.155650
0.001000,536,4.804155,0.148243,0.148243,0.155360,0.155360
0.001000,537,4.819115,0.126265,0.126265,0.155055,0.155055
0.001000,538,4.785205,0.147016,0.147016,0.153743,0.153743
0.001000,539,4.758277,0.151795,0.151795,0.154359,0.154359
0.001000,540,4.790191,0.171296,0.171296,0.153925,0.153925
0.001000,541,4.762267,0.137899,0.137899,0.152923,0.152923
0.001000,542,4.758277,0.139489,0.139489,0.152348,0.152348
0.001000,543,4.756283,0.157721,0.157721,0.152763,0.152763
0.001000,544,4.726362,0.194671,0.194671,0.150862,0.150862
0.001000,545,4.829114,0.150606,0.150606,0.151756,0.151756
0.001000,546,4.765258,0.127782,0.127782,0.150572,0.150572
0.001000,547,4.670512,0.149234,0.149234,0.150946,0.150946
0.001000,548,4.793185,0.133030,0.133030,0.150909,0.150909
0.001000,549,4.755285,0.119487,0.119487,0.151181,0.151181
0.001000,550,4.754288,0.125680,0.125680,0.151856,0.151856
0.001000,551,4.727359,0.153954,0.153954,0.151706,0.151706
0.001000,552,4.854023,0.163677,0.163677,0.151620,0.151620
0.001000,553,4.765258,0.135426,0.135426,0.153921,0.153921
0.001000,554,4.729355,0.159992,0.159992,0.153723,0.153723
0.001000,555,4.749301,0.139991,0.139991,0.153297,0.153297
0.001000,556,4.857012,0.167627,0.167627,0.152622,0.152622
0.001000,557,4.770244,0.149061,0.149061,0.152178,0.152178
0.001000,558,4.732326,0.149722,0.149722,0.153644,0.153644
0.001000,559,4.858010,0.126815,0.126815,0.153507,0.153507
0.001000,560,4.752294,0.177919,0.177919,0.153505,0.153505
0.001000,561,4.812133,0.152701,0.152701,0.152993,0.152993
0.001000,562,4.820112,0.128829,0.128829,0.153890,0.153890
0.001000,563,4.782214,0.131703,0.131703,0.154296,0.154296
0.001000,564,4.749300,0.170180,0.170180,0.154848,0.154848
0.001000,565,4.809140,0.127628,0.127628,0.154122,0.154122
0.001000,566,4.713397,0.163797,0.163797,0.152859,0.152859
0.001000,567,4.750299,0.183711,0.183711,0.151840,0.151840
0.001000,568,4.736336,0.157498,0.157498,0.150754,0.150754
0.001000,569,4.769247,0.154846,0.154846,0.150854,0.150854
0.001000,570,4.741351,0.163287,0.163287,0.150803,0.150803
0.001000,571,4.855018,0.154129,0.154129,0.151349,0.151349
0.001000,572,4.861002,0.126364,0.126364,0.151370,0.151370
0.001000,573,4.781215,0.127510,0.127510,0.150770,0.150770
0.001000,574,4.877958,0.152703,0.152703,0.150888,0.150888
0.001000,575,4.792186,0.173542,0.173542,0.151301,0.151301
0.001000,576,4.784208,0.136080,0.136080,0.150988,0.150988
0.001000,577,4.700461,0.152938,0.152938,0.150431,0.150431
0.001000,578,4.748304,0.130666,0.130666,0.151142,0.151142
0.001000,579,4.745311,0.149951,0.149951,0.151268,0.151268
0.001000,580,4.684475,0.122203,0.122203,0.150657,0.150657
0.001000,581,4.780219,0.156345,0.156345,0.150594,0.150594
0.001000,582,4.807147,0.153226,0.153226,0.151124,0.151124
0.001000,583,4.769248,0.147946,0.147946,0.151200,0.151200
0.001000,584,4.774259,0.175398,0.175398,0.151412,0.151412
0.001000,585,4.833078,0.119472,0.119472,0.153108,0.153108
0.001000,586,4.812133,0.154204,0.154204,0.154788,0.154788
0.001000,587,4.779221,0.112267,0.112267,0.155912,0.155912
0.001000,588,4.804155,0.153060,0.153060,0.154240,0.154240
0.001000,589,4.740348,0.117154,0.117154,0.152645,0.152645
0.001000,590,4.742319,0.156459,0.156459,0.151442,0.151442
0.001000,591,4.745311,0.176964,0.176964,0.150886,0.150886
0.001000,592,4.750299,0.143173,0.143173,0.150949,0.150949
0.001000,593,4.729354,0.169681,0.169681,0.151179,0.151179
0.001000,594,4.762267,0.148335,0.148335,0.150955,0.150955
0.001000,595,4.735339,0.133766,0.133766,0.150233,0.150233
0.001000,596-best,4.746308,0.157519,0.157519,0.149282,0.149282
0.001000,597,4.795178,0.133350,0.133350,0.150417,0.150417
0.001000,598,4.849035,0.155992,0.155992,0.151011,0.151011
0.001000,599,4.865989,0.144654,0.144654,0.152068,0.152068
0.001000,600,4.699433,0.155938,0.155938,0.150040,0.150040
0.001000,601,4.761269,0.133327,0.133327,0.149899,0.149899
0.001000,602,4.688464,0.138814,0.138814,0.150755,0.150755
0.001000,603,4.771241,0.134972,0.134972,0.152266,0.152266
0.001000,604,4.780219,0.143549,0.143549,0.152431,0.152431
0.001000,605,4.807147,0.121160,0.121160,0.152535,0.152535
0.001000,606,4.750298,0.164701,0.164701,0.151605,0.151605
0.001000,607,4.743318,0.136076,0.136076,0.150576,0.150576
0.001000,608,4.796175,0.147747,0.147747,0.149461,0.149461
0.001000,609,4.792187,0.150247,0.150247,0.149516,0.149516
0.001000,610,4.667518,0.138712,0.138712,0.150047,0.150047
0.001000,611,4.897904,0.137274,0.137274,0.149947,0.149947
0.001000,612,4.781215,0.140628,0.140628,0.150162,0.150162
0.001000,613,4.784208,0.124503,0.124503,0.150403,0.150403
0.001000,614,4.762266,0.117495,0.117495,0.150318,0.150318
0.001000,615,4.798171,0.123078,0.123078,0.149812,0.149812
0.001000,616-best,4.776229,0.150056,0.150056,0.149232,0.149232
0.001000,617-best,4.798171,0.158792,0.158792,0.149207,0.149207
0.001000,618,4.825098,0.152232,0.152232,0.149540,0.149540
0.001000,619,4.707414,0.153928,0.153928,0.149343,0.149343
0.001000,620,4.724368,0.111814,0.111814,0.149393,0.149393
0.001000,621-best,4.807147,0.155865,0.155865,0.149030,0.149030
0.001000,622,4.751295,0.143955,0.143955,0.149444,0.149444
0.001000,623,4.768250,0.154970,0.154970,0.150519,0.150519
0.001000,624,4.872971,0.155259,0.155259,0.150607,0.150607
0.001000,625,4.811136,0.128098,0.128098,0.149112,0.149112
0.001000,626-best,4.778223,0.134529,0.134529,0.148185,0.148185
0.001000,627,4.719382,0.169093,0.169093,0.149013,0.149013
0.001000,628,4.724366,0.146605,0.146605,0.149497,0.149497
0.001000,629,4.770246,0.130889,0.130889,0.148440,0.148440
0.001000,630,4.799167,0.139094,0.139094,0.148962,0.148962
0.001000,631,4.724368,0.163614,0.163614,0.149962,0.149962
0.001000,632,4.707414,0.178325,0.178325,0.148953,0.148953
0.001000,633,4.841056,0.158174,0.158174,0.148296,0.148296
0.001000,634-best,4.750299,0.160955,0.160955,0.147662,0.147662
0.001000,635-best,4.780219,0.140582,0.140582,0.147171,0.147171
0.001000,636,4.841057,0.166350,0.166350,0.147536,0.147536
0.001000,637,4.833077,0.128633,0.128633,0.147873,0.147873
0.001000,638,4.840058,0.131132,0.131132,0.148821,0.148821
0.001000,639,4.809142,0.133174,0.133174,0.148299,0.148299
0.001000,640,4.808143,0.153198,0.153198,0.148649,0.148649
0.001000,641,4.802159,0.151447,0.151447,0.148740,0.148740
0.001000,642,4.775232,0.142456,0.142456,0.148630,0.148630
0.001000,643,4.778224,0.164809,0.164809,0.147734,0.147734
0.001000,644,4.732346,0.151802,0.151802,0.147627,0.147627
0.001000,645,4.845045,0.133626,0.133626,0.147785,0.147785
0.001000,646-best,4.822107,0.154587,0.154587,0.146902,0.146902
0.001000,647,4.786202,0.136125,0.136125,0.147263,0.147263
0.001000,648,4.811136,0.122969,0.122969,0.147558,0.147558
0.001000,649,4.759274,0.167303,0.167303,0.146947,0.146947
0.001000,650,4.862998,0.185641,0.185641,0.148056,0.148056
0.001000,651,4.728356,0.137658,0.137658,0.149865,0.149865
0.001000,652,4.743318,0.142460,0.142460,0.150179,0.150179
0.001000,653,4.751296,0.141755,0.141755,0.148903,0.148903
0.001000,654,4.763264,0.133887,0.133887,0.148331,0.148331
0.001000,655,4.812133,0.109993,0.109993,0.149414,0.149414
0.001000,656,4.780218,0.121479,0.121479,0.151626,0.151626
0.001000,657,4.799168,0.150587,0.150587,0.150596,0.150596
0.001000,658,4.779221,0.152071,0.152071,0.150005,0.150005
0.001000,659,4.770245,0.109029,0.109029,0.150328,0.150328
0.001000,660,4.727360,0.154201,0.154201,0.149189,0.149189
0.001000,661,4.767254,0.131030,0.131030,0.147795,0.147795
0.001000,662,4.795178,0.149968,0.149968,0.146970,0.146970
0.001000,663,4.820111,0.135005,0.135005,0.146945,0.146945
0.001000,664,4.865989,0.144455,0.144455,0.147829,0.147829
0.001000,665,4.745313,0.136446,0.136446,0.147619,0.147619
0.001000,666,4.675498,0.123678,0.123678,0.147545,0.147545
0.001000,667,4.785205,0.154005,0.154005,0.147100,0.147100
0.001000,668,4.759275,0.117302,0.117302,0.147045,0.147045
0.001000,669,4.769248,0.154129,0.154129,0.147217,0.147217
0.001000,670,4.850031,0.123159,0.123159,0.148270,0.148270
0.001000,671,4.794208,0.185148,0.185148,0.147466,0.147466
0.001000,672-best,4.776230,0.158085,0.158085,0.146602,0.146602
0.001000,673,4.843050,0.143234,0.143234,0.148012,0.148012
0.001000,674,4.816122,0.133017,0.133017,0.148347,0.148347
0.001000,675-best,4.793185,0.171232,0.171232,0.146559,0.146559
0.001000,676,4.779192,0.147637,0.147637,0.147159,0.147159
0.001000,677,4.892940,0.143302,0.143302,0.146725,0.146725
0.001000,678-best,4.717387,0.147040,0.147040,0.146136,0.146136
0.001000,679,4.823105,0.147133,0.147133,0.148127,0.148127
0.001000,680,4.773237,0.174155,0.174155,0.150537,0.150537
0.001000,681,4.766256,0.152987,0.152987,0.149547,0.149547
0.001000,682,4.709408,0.167945,0.167945,0.147033,0.147033
0.001000,683,4.724367,0.139105,0.139105,0.146296,0.146296
0.001000,684,4.831083,0.162770,0.162770,0.146497,0.146497
0.001000,685,4.752322,0.131293,0.131293,0.146408,0.146408
0.001000,686,4.742319,0.142855,0.142855,0.146619,0.146619
0.001000,687,4.673505,0.159564,0.159564,0.146857,0.146857
0.001000,688,4.752293,0.132046,0.132046,0.147513,0.147513
0.001000,689,4.832081,0.134960,0.134960,0.147348,0.147348
0.001000,690,4.759274,0.158368,0.158368,0.146271,0.146271
0.001000,691,4.780219,0.150701,0.150701,0.146463,0.146463
0.001000,692,4.744314,0.152777,0.152777,0.146175,0.146175
0.001000,693,4.739328,0.128044,0.128044,0.146166,0.146166
0.001000,694-best,4.847039,0.152130,0.152130,0.146066,0.146066
0.001000,695,4.953753,0.133359,0.133359,0.146582,0.146582
0.001000,696,4.787201,0.146959,0.146959,0.146376,0.146376
0.001000,697-best,4.766256,0.127264,0.127264,0.145780,0.145780
0.001000,698-best,4.757280,0.137124,0.137124,0.145058,0.145058
0.001000,699,4.770246,0.127808,0.127808,0.145599,0.145599
0.001000,700,4.830084,0.143514,0.143514,0.145513,0.145513
0.001000,701,4.760271,0.163110,0.163110,0.145507,0.145507
0.001000,702,4.855018,0.148260,0.148260,0.145753,0.145753
0.001000,703,4.787223,0.138345,0.138345,0.145389,0.145389
0.001000,704,4.759274,0.142623,0.142623,0.145494,0.145494
0.001000,705,4.743317,0.143950,0.143950,0.145733,0.145733
0.001000,706,4.739327,0.118729,0.118729,0.145743,0.145743
0.001000,707,4.799168,0.143481,0.143481,0.145237,0.145237
0.001000,708,4.725365,0.122035,0.122035,0.146043,0.146043
0.001000,709,4.755286,0.132367,0.132367,0.147628,0.147628
0.001000,710,4.755286,0.115914,0.115914,0.146608,0.146608
0.001000,711,4.768250,0.126128,0.126128,0.145411,0.145411
0.001000,712,4.743318,0.141805,0.141805,0.145161,0.145161
0.001000,713,4.753291,0.166820,0.166820,0.146716,0.146716
0.001000,714,4.761269,0.143066,0.143066,0.148110,0.148110
0.001000,715,4.829088,0.142752,0.142752,0.146828,0.146828
0.001000,716,4.789195,0.130643,0.130643,0.145882,0.145882
0.001000,717,4.744315,0.139035,0.139035,0.145442,0.145442
0.001000,718,4.801162,0.117909,0.117909,0.146055,0.146055
0.001000,719,4.760272,0.149545,0.149545,0.145510,0.145510
0.001000,720,4.758305,0.140338,0.140338,0.145875,0.145875
0.001000,721,4.776229,0.105993,0.105993,0.146841,0.146841
0.001000,722,4.735339,0.158093,0.158093,0.147073,0.147073
0.001000,723,4.739327,0.138962,0.138962,0.146019,0.146019
0.001000,724,4.724368,0.133129,0.133129,0.145599,0.145599
0.001000,725,4.772239,0.151089,0.151089,0.145864,0.145864
0.001000,726,4.871974,0.156177,0.156177,0.145694,0.145694
0.001000,727,4.784208,0.136878,0.136878,0.145177,0.145177
0.001000,728,4.846043,0.147341,0.147341,0.145994,0.145994
0.001000,729,4.838064,0.144839,0.144839,0.145848,0.145848
0.001000,730,4.716389,0.147093,0.147093,0.145238,0.145238
0.001000,731,4.774235,0.136004,0.136004,0.145250,0.145250
0.001000,732,4.785205,0.157022,0.157022,0.145089,0.145089
0.001000,733,4.754288,0.116095,0.116095,0.145498,0.145498
0.001000,734,4.773237,0.097639,0.097639,0.145599,0.145599
0.001000,735,4.768250,0.130995,0.130995,0.145800,0.145800
0.001000,736,4.804154,0.160164,0.160164,0.145986,0.145986
0.001000,737,4.842052,0.131048,0.131048,0.147514,0.147514
0.001000,738,4.838063,0.137436,0.137436,0.149656,0.149656
0.001000,739,4.787200,0.130306,0.130306,0.149917,0.149917
0.001000,740,4.744314,0.157820,0.157820,0.145506,0.145506
0.001000,741,4.826096,0.130233,0.130233,0.145518,0.145518
0.001000,742,4.784208,0.127549,0.127549,0.146659,0.146659
0.001000,743,4.778223,0.162623,0.162623,0.147110,0.147110
0.001000,744,4.834075,0.136812,0.136812,0.146819,0.146819
0.001000,745,4.790224,0.132203,0.132203,0.146427,0.146427
0.001000,746,4.737333,0.150071,0.150071,0.145517,0.145517
0.001000,747,4.756282,0.134347,0.134347,0.145358,0.145358
0.001000,748,4.809141,0.142132,0.142132,0.145735,0.145735
0.001000,749-best,4.784208,0.127905,0.127905,0.145035,0.145035
0.001000,750-best,4.756253,0.124270,0.124270,0.145027,0.145027
0.001000,751,4.773209,0.123618,0.123618,0.145397,0.145397
0.001000,752,4.762265,0.162774,0.162774,0.145974,0.145974
0.001000,753,4.692453,0.135013,0.135013,0.145651,0.145651
0.001000,754,4.734341,0.141032,0.141032,0.145983,0.145983
0.001000,755,4.788197,0.134754,0.134754,0.145293,0.145293
0.001000,756-best,4.815126,0.151120,0.151120,0.144702,0.144702
0.001000,757-best,4.837043,0.174091,0.174091,0.144538,0.144538
0.001000,758,4.705419,0.137418,0.137418,0.145544,0.145544
0.001000,759,4.816123,0.148672,0.148672,0.144947,0.144947
0.001000,760,4.777226,0.125790,0.125790,0.145548,0.145548
0.001000,761,4.731349,0.115251,0.115251,0.144785,0.144785
0.001000,762,4.847039,0.135457,0.135457,0.145474,0.145474
0.001000,763,4.857013,0.128915,0.128915,0.145307,0.145307
0.001000,764,4.739328,0.149242,0.149242,0.145861,0.145861
0.001000,765,4.722372,0.138057,0.138057,0.146670,0.146670
0.001000,766,4.690459,0.124148,0.124148,0.145122,0.145122
0.001000,767,4.819115,0.116311,0.116311,0.145937,0.145937
0.001000,768,4.798170,0.131896,0.131896,0.145478,0.145478
0.001000,769,4.733344,0.145696,0.145696,0.145252,0.145252
0.001000,770,4.741323,0.136617,0.136617,0.146039,0.146039
0.001000,771,4.797172,0.163407,0.163407,0.145326,0.145326
0.001000,772,4.682479,0.151329,0.151329,0.146659,0.146659
0.001000,773,4.791190,0.164554,0.164554,0.145945,0.145945
0.001000,774,4.724368,0.115654,0.115654,0.146826,0.146826
0.001000,775,4.728356,0.128898,0.128898,0.145996,0.145996
0.001000,776,4.794182,0.119623,0.119623,0.146051,0.146051
0.001000,777,4.820112,0.156100,0.156100,0.145139,0.145139
0.001000,778,4.740324,0.158090,0.158090,0.145692,0.145692
0.001000,779,4.693450,0.138390,0.138390,0.146079,0.146079
0.001000,780,4.819114,0.114698,0.114698,0.145079,0.145079
0.001000,781,4.839061,0.119528,0.119528,0.145208,0.145208
0.001000,782-best,4.736336,0.134964,0.134964,0.144404,0.144404
0.001000,783,4.714395,0.123196,0.123196,0.145416,0.145416
0.001000,784,4.817120,0.140851,0.140851,0.144991,0.144991
0.001000,785,4.752294,0.126716,0.126716,0.144479,0.144479
0.001000,786-best,4.717386,0.140382,0.140382,0.143828,0.143828
0.001000,787,4.755286,0.127179,0.127179,0.144370,0.144370
0.001000,788,4.738330,0.157543,0.157543,0.145243,0.145243
0.001000,789,4.741322,0.133979,0.133979,0.144904,0.144904
0.001000,790,4.781215,0.124552,0.124552,0.144984,0.144984
0.001000,791,4.712401,0.158555,0.158555,0.145704,0.145704
0.001000,792,4.728356,0.172936,0.172936,0.145019,0.145019
0.001000,793,4.804154,0.138633,0.138633,0.143958,0.143958
0.001000,794,4.811136,0.119727,0.119727,0.144318,0.144318
0.001000,795,4.764262,0.149121,0.149121,0.143949,0.143949
0.001000,796,4.765259,0.138528,0.138528,0.144110,0.144110
0.001000,797,4.751328,0.145448,0.145448,0.144001,0.144001
0.001000,798,4.823104,0.106252,0.106252,0.143952,0.143952
0.001000,799-best,4.767254,0.131891,0.131891,0.143731,0.143731
0.001000,800,4.748310,0.145417,0.145417,0.144356,0.144356
0.001000,801,4.814127,0.137238,0.137238,0.144967,0.144967
0.001000,802,4.771243,0.168315,0.168315,0.144791,0.144791
0.001000,803,4.823104,0.134299,0.134299,0.144432,0.144432
0.001000,804,4.815125,0.144428,0.144428,0.144130,0.144130
0.001000,805,4.801162,0.141261,0.141261,0.143949,0.143949
0.001000,806-best,4.644580,0.125494,0.125494,0.143633,0.143633
0.001000,807-best,4.812133,0.142595,0.142595,0.143128,0.143128
0.001000,808,4.754265,0.115683,0.115683,0.143379,0.143379
0.001000,809-best,4.742321,0.147879,0.147879,0.142873,0.142873
0.001000,810-best,4.769273,0.135043,0.135043,0.142865,0.142865
0.001000,811,4.769249,0.128543,0.128543,0.143128,0.143128
0.001000,812,4.798200,0.101182,0.101182,0.143379,0.143379
0.001000,813,4.843050,0.171242,0.171242,0.143685,0.143685
0.001000,814,4.827094,0.155353,0.155353,0.145308,0.145308
0.001000,815,4.760271,0.143389,0.143389,0.146291,0.146291
0.001000,816,4.732346,0.127698,0.127698,0.146842,0.146842
0.001000,817,4.808144,0.133332,0.133332,0.145995,0.145995
0.001000,818,4.817120,0.146678,0.146678,0.143952,0.143952
0.001000,819-best,4.758277,0.142589,0.142589,0.142831,0.142831
0.001000,820,4.874966,0.136615,0.136615,0.143243,0.143243
0.001000,821,4.762267,0.151449,0.151449,0.144268,0.144268
0.001000,822,4.745312,0.125564,0.125564,0.144129,0.144129
0.001000,823,4.701430,0.119361,0.119361,0.143885,0.143885
0.001000,824,4.753290,0.143391,0.143391,0.143176,0.143176
0.001000,825,4.808144,0.141759,0.141759,0.144840,0.144840
0.001000,826,4.717387,0.137566,0.137566,0.144951,0.144951
0.001000,827,4.755286,0.130844,0.130844,0.144741,0.144741
0.001000,828,4.769248,0.146352,0.146352,0.144080,0.144080
0.001000,829,4.874965,0.129351,0.129351,0.144119,0.144119
0.001000,830,4.701428,0.177321,0.177321,0.145604,0.145604
0.001000,831,4.760272,0.164554,0.164554,0.145383,0.145383
0.001000,832,4.733343,0.151997,0.151997,0.144469,0.144469
0.001000,833,4.758277,0.136072,0.136072,0.143858,0.143858
0.001000,834,4.774233,0.129752,0.129752,0.144517,0.144517
0.001000,835,4.821109,0.151092,0.151092,0.145102,0.145102
0.001000,836,4.845045,0.140660,0.140660,0.143938,0.143938
0.001000,837,4.795178,0.112637,0.112637,0.144781,0.144781
0.001000,838,4.811137,0.134142,0.134142,0.145635,0.145635
0.001000,839,4.726362,0.144837,0.144837,0.145949,0.145949
0.001000,840,4.711402,0.126917,0.126917,0.144749,0.144749
0.001000,841,4.714396,0.115945,0.115945,0.144296,0.144296
0.001000,842,4.790192,0.123631,0.123631,0.145083,0.145083
0.001000,843,4.792187,0.138559,0.138559,0.145572,0.145572
0.001000,844,4.800164,0.121242,0.121242,0.144430,0.144430
0.001000,845,4.747305,0.139794,0.139794,0.143501,0.143501
0.001000,846,4.761269,0.161198,0.161198,0.143449,0.143449
0.001000,847,4.745312,0.115577,0.115577,0.143706,0.143706
0.001000,848,4.721375,0.149022,0.149022,0.143582,0.143582
0.001000,849,4.784208,0.141290,0.141290,0.143768,0.143768
0.001000,850,4.801163,0.140081,0.140081,0.143497,0.143497
0.001000,851-best,4.702407,0.154559,0.154559,0.142736,0.142736
0.001000,852-best,4.786202,0.130585,0.130585,0.142667,0.142667
0.001000,853-best,4.765232,0.158771,0.158771,0.142602,0.142602
0.001000,854,4.772240,0.136537,0.136537,0.142671,0.142671
0.001000,855,4.807146,0.126589,0.126589,0.142680,0.142680
0.001000,856-best,4.783237,0.152181,0.152181,0.142557,0.142557
0.001000,857-best,4.794182,0.131638,0.131638,0.142368,0.142368
0.001000,858,4.777226,0.139515,0.139515,0.142496,0.142496
0.001000,859,4.832079,0.138102,0.138102,0.142567,0.142567
0.001000,860,4.771242,0.109180,0.109180,0.142750,0.142750
0.001000,861,4.811159,0.121759,0.121759,0.142839,0.142839
0.001000,862,4.760295,0.127475,0.127475,0.142743,0.142743
0.001000,863-best,4.785205,0.138475,0.138475,0.141823,0.141823
0.001000,864,4.735338,0.121562,0.121562,0.142132,0.142132
0.001000,865,4.789196,0.155989,0.155989,0.142426,0.142426
0.001000,866,4.764291,0.154662,0.154662,0.142564,0.142564
0.001000,867,4.670511,0.115647,0.115647,0.142527,0.142527
0.001000,868,4.793184,0.129532,0.129532,0.143343,0.143343
0.001000,869,4.735338,0.144984,0.144984,0.143450,0.143450
0.001000,870-best,4.757279,0.130937,0.130937,0.141599,0.141599
0.001000,871,4.771242,0.132549,0.132549,0.142643,0.142643
0.001000,872,4.811135,0.137959,0.137959,0.144534,0.144534
0.001000,873,4.797174,0.163927,0.163927,0.144969,0.144969
0.001000,874,4.768250,0.119701,0.119701,0.144051,0.144051
0.001000,875,5.004380,0.132500,0.132500,0.142242,0.142242
0.001000,876,4.774235,0.136443,0.136443,0.142004,0.142004
0.001000,877,4.755285,0.136392,0.136392,0.142785,0.142785
0.001000,878,4.820112,0.131702,0.131702,0.142774,0.142774
0.001000,879,4.798171,0.137077,0.137077,0.141892,0.141892
0.001000,880,4.746308,0.111459,0.111459,0.143149,0.143149
0.001000,881,4.787201,0.117570,0.117570,0.143941,0.143941
0.001000,882,4.746309,0.146508,0.146508,0.143589,0.143589
0.001000,883,4.719381,0.128461,0.128461,0.142299,0.142299
0.001000,884,4.757279,0.152304,0.152304,0.142254,0.142254
0.001000,885,4.783209,0.133421,0.133421,0.143003,0.143003
0.001000,886,4.740326,0.118621,0.118621,0.142247,0.142247
0.001000,887-best,4.769247,0.130565,0.130565,0.141483,0.141483
0.001000,888-best,4.732346,0.120265,0.120265,0.141398,0.141398
0.001000,889,4.822105,0.121526,0.121526,0.142113,0.142113
0.001000,890,4.825099,0.141824,0.141824,0.142157,0.142157
0.001000,891,4.760272,0.137351,0.137351,0.142242,0.142242
0.001000,892,4.820112,0.137811,0.137811,0.141766,0.141766
0.001000,893,4.775231,0.109502,0.109502,0.141547,0.141547
0.001000,894,4.720378,0.129530,0.129530,0.141424,0.141424
0.001000,895,4.817120,0.176493,0.176493,0.141517,0.141517
0.001000,896-best,4.772240,0.108601,0.108601,0.141368,0.141368
0.001000,897-best,4.776229,0.138247,0.138247,0.141242,0.141242
0.001000,898,4.831082,0.143340,0.143340,0.141433,0.141433
0.001000,899,4.793184,0.148307,0.148307,0.141484,0.141484
0.001000,900,4.791189,0.121879,0.121879,0.141435,0.141435
0.001000,901,4.753289,0.129692,0.129692,0.141285,0.141285
0.001000,902-best,4.816123,0.131403,0.131403,0.141199,0.141199
0.001000,903,4.823104,0.109601,0.109601,0.141364,0.141364
0.001000,904,4.761270,0.134787,0.134787,0.141341,0.141341
0.001000,905-best,4.740324,0.134651,0.134651,0.141135,0.141135
0.001000,906,4.789195,0.108340,0.108340,0.141183,0.141183
0.001000,907,4.771243,0.118925,0.118925,0.141140,0.141140
0.001000,908,4.806149,0.138231,0.138231,0.141329,0.141329
0.001000,909-best,4.853024,0.150972,0.150972,0.140774,0.140774
0.001000,910-best,4.806150,0.141179,0.141179,0.140620,0.140620
0.001000,911,4.862997,0.123019,0.123019,0.141371,0.141371
0.001000,912,4.730352,0.127336,0.127336,0.142538,0.142538
0.001000,913,4.740327,0.120946,0.120946,0.141696,0.141696
0.001000,914,4.794180,0.125619,0.125619,0.141660,0.141660
0.001000,915,4.706416,0.150489,0.150489,0.140659,0.140659
0.001000,916-best,4.790192,0.141660,0.141660,0.140397,0.140397
0.001000,917,4.792187,0.143937,0.143937,0.141186,0.141186
0.001000,918,4.818117,0.145089,0.145089,0.140796,0.140796
0.001000,919,4.793184,0.142540,0.142540,0.140618,0.140618
0.001000,920,4.733344,0.136642,0.136642,0.141079,0.141079
0.001000,921,4.729355,0.125995,0.125995,0.140827,0.140827
0.001000,922,4.730351,0.167702,0.167702,0.140729,0.140729
0.001000,923,4.751296,0.125611,0.125611,0.140924,0.140924
0.001000,924,4.895909,0.131145,0.131145,0.141284,0.141284
0.001000,925,4.725364,0.124316,0.124316,0.141187,0.141187
0.001000,926,4.793185,0.138604,0.138604,0.141121,0.141121
0.001000,927,4.761269,0.150432,0.150432,0.141392,0.141392
0.001000,928,4.811136,0.127177,0.127177,0.141718,0.141718
0.001000,929,4.845044,0.128200,0.128200,0.141479,0.141479
0.001000,930,4.748305,0.129569,0.129569,0.141204,0.141204
0.001000,931,4.709408,0.142867,0.142867,0.141156,0.141156
0.001000,932,4.758277,0.136807,0.136807,0.140926,0.140926
0.001000,933,4.747306,0.166674,0.166674,0.140724,0.140724
0.001000,934,4.814128,0.130118,0.130118,0.141047,0.141047
0.001000,935,4.741322,0.118610,0.118610,0.141387,0.141387
0.001000,936,4.795179,0.123686,0.123686,0.140855,0.140855
0.001000,937,4.851029,0.117207,0.117207,0.140624,0.140624
0.001000,938,4.767254,0.133544,0.133544,0.140914,0.140914
0.001000,939,4.733343,0.145760,0.145760,0.141359,0.141359
0.001000,940,4.793184,0.128470,0.128470,0.141005,0.141005
0.001000,941-best,4.790191,0.159621,0.159621,0.140179,0.140179
0.001000,942,4.759273,0.117517,0.117517,0.141164,0.141164
0.001000,943,4.772239,0.124634,0.124634,0.141212,0.141212
0.001000,944,4.776230,0.133873,0.133873,0.140908,0.140908
0.001000,945,4.826095,0.119070,0.119070,0.140392,0.140392
0.001000,946,4.836069,0.131517,0.131517,0.141291,0.141291
0.001000,947,4.801163,0.152301,0.152301,0.140489,0.140489
0.001000,948,4.735339,0.153726,0.153726,0.141168,0.141168
0.001000,949,4.754287,0.149381,0.149381,0.143578,0.143578
0.001000,950,4.809141,0.145509,0.145509,0.144394,0.144394
0.001000,951,4.744315,0.120270,0.120270,0.142479,0.142479
0.001000,952,4.785205,0.123855,0.123855,0.140406,0.140406
0.001000,953,4.792185,0.128927,0.128927,0.140445,0.140445
0.001000,954,4.949765,0.123887,0.123887,0.142088,0.142088
0.001000,955,4.754287,0.120607,0.120607,0.142695,0.142695
0.001000,956,4.752293,0.129023,0.129023,0.142222,0.142222
0.001000,957,4.769248,0.142617,0.142617,0.141442,0.141442
0.001000,958,4.827093,0.122426,0.122426,0.142527,0.142527
0.001000,959,4.784208,0.116919,0.116919,0.142520,0.142520
0.001000,960,4.716389,0.165123,0.165123,0.141607,0.141607
0.001000,961,4.759274,0.149099,0.149099,0.141700,0.141700
0.001000,962,4.747306,0.156505,0.156505,0.143390,0.143390
0.001000,963,4.855020,0.153168,0.153168,0.143094,0.143094
0.001000,964,4.837066,0.123997,0.123997,0.142596,0.142596
0.001000,965,4.776230,0.101667,0.101667,0.142666,0.142666
0.001000,966,4.723369,0.123916,0.123916,0.142595,0.142595
0.001000,967,4.766255,0.146082,0.146082,0.141834,0.141834
0.001000,968,4.810139,0.136961,0.136961,0.141247,0.141247
0.001000,969,4.834075,0.113893,0.113893,0.140533,0.140533
0.001000,970,4.849033,0.145880,0.145880,0.140597,0.140597
0.001000,971,4.852027,0.142552,0.142552,0.141024,0.141024
0.001000,972,4.857013,0.154647,0.154647,0.142767,0.142767
0.001000,973,4.781216,0.134522,0.134522,0.143051,0.143051
0.001000,974,4.815124,0.117405,0.117405,0.142693,0.142693
0.001000,975,4.766257,0.116794,0.116794,0.141667,0.141667
0.001000,976,4.895908,0.121998,0.121998,0.141300,0.141300
0.001000,977,4.773238,0.144132,0.144132,0.141518,0.141518
0.001000,978,4.776228,0.146917,0.146917,0.140653,0.140653
0.001000,979,4.832080,0.144978,0.144978,0.141301,0.141301
0.001000,980,4.791190,0.129427,0.129427,0.141413,0.141413
0.001000,981,4.807146,0.132835,0.132835,0.141872,0.141872
0.001000,982,4.832080,0.131278,0.131278,0.141168,0.141168
0.001000,983,4.839060,0.147412,0.147412,0.141345,0.141345
0.001000,984,4.777227,0.164421,0.164421,0.140984,0.140984
0.001000,985,4.744314,0.126707,0.126707,0.140866,0.140866
0.001000,986,4.754287,0.143126,0.143126,0.140778,0.140778
0.001000,987,4.814127,0.143370,0.143370,0.140900,0.140900
0.001000,988,4.816122,0.136761,0.136761,0.141006,0.141006
0.001000,989,4.910869,0.138863,0.138863,0.140680,0.140680
0.001000,990,4.797173,0.172111,0.172111,0.141154,0.141154
0.001000,991,4.803158,0.155282,0.155282,0.141252,0.141252
0.001000,992,4.876960,0.139972,0.139972,0.140743,0.140743
0.001000,993-best,4.754288,0.155258,0.155258,0.140094,0.140094
0.001000,994,4.734341,0.148115,0.148115,0.140252,0.140252
0.001000,995,4.783211,0.127914,0.127914,0.140962,0.140962
0.001000,996,4.784208,0.119987,0.119987,0.141854,0.141854
0.001000,997,4.776229,0.123044,0.123044,0.141567,0.141567
0.001000,998-best,4.851029,0.144303,0.144303,0.139887,0.139887
